id,user_id,card_id,amount,transaction_reference,status,transaction_date
17,15,13,100.00,c357a532-06e5-4505-9572-a3b4ec5132ea,SUCCESS,2026-09-29T06:20:56.507362+00:00
16,15,13,100.00,7061b27b-a499-45d7-a2be-64f4b0ce5fde,FAILED,2026-09-29T06:20:54.242513+00:00
14,1,4,1.00,9e72abcc-58f2-446b-bd62-95b3db215464,SUCCESS,2026-09-26T10:05:33.687055+00:00
13,1,4,14.00,21e82f22-8d59-4a5f-8b98-5c0e4049d04e,SUCCESS,2026-09-26T10:04:17.242718+00:00
8,9,8,100.00,081dd544-5fdd-410d-a70a-82c991d0b554,SUCCESS,2026-09-26T09:54:49.980760+00:00
7,1,4,1000.00,ed34cc25-faf7-45de-a157-8af85e1d1775,FAILED,2026-09-26T09:45:43.448338+00:00
6,1,4,1000.00,d8e5ae97-189e-4d98-aa4a-4e9051771f83,FAILED,2026-09-26T09:45:41.343116+00:00
3,1,4,1000.00,TXN_FINAL_001,SUCCESS,2026-09-25T13:30:30.268879+00:00
1,1,1,500.00,b6b950de-aeaf-4ce0-ba0f-41fb600d7b3a,SUCCESS,2026-09-25T10:17:52.193689+00:00
